{"cameraMode":{"drawMode":0,"name":"Shaded","section":"Shading Mode"},"sceneLighting":true,"audioPlay":false,"sceneViewState":{"m_AlwaysRefresh":false,"showFog":true,"showSkybox":true,"showFlares":true,"showImageEffects":true,"showParticleSystems":true,"showVisualEffectGraphs":true,"m_FxEnabled":true},"in2DMode":false,"pivot":{"x":-0.039290331304073337,"y":1.058664083480835,"z":0.7425854206085205},"rotation":{"x":-0.3859795331954956,"y":0.013004240579903126,"z":-0.005440893582999706,"w":-0.9224026799201965},"size":0.4886925518512726,"orthographic":false}